frontend_route_id,catalog_id,canonical_core_id,normalized_name,seat_matrix_id,engineering_cutoffs_id,resolver_output_id,mismatch_type,risk_level,recommended_fix
"CORE-CORE-IIIT-CHITTOOR","CORE-CORE-IIIT-CHITTOOR","CORE-IIIT-CHITTOOR","CORE IIIT CHITTOOR","CORE-IIIT-CHITTOOR","CORE-IIIT-CHITTOOR","CORE-IIIT-CHITTOOR","DETERMINISTIC_REWRITE_READY","REVIEW","Rewrite institution_id to CORE-IIIT-CHITTOOR"
"CORE-CORE-IIIT-GUWAHATI","CORE-CORE-IIIT-GUWAHATI","CORE-IIIT-GUWAHATI","CORE IIIT GUWAHATI","CORE-IIIT-GUWAHATI","CORE-IIIT-GUWAHATI","CORE-IIIT-GUWAHATI","DETERMINISTIC_REWRITE_READY","REVIEW","Rewrite institution_id to CORE-IIIT-GUWAHATI"
"CORE-CORE-IIIT-KARNATAKA","CORE-CORE-IIIT-KARNATAKA","CORE-IIIT-KARNATAKA","CORE IIIT KARNATAKA","MISSING","CORE-IIIT-KARNATAKA","CORE-IIIT-KARNATAKA","DETERMINISTIC_REWRITE_READY","REVIEW","Rewrite institution_id to CORE-IIIT-KARNATAKA"
"CORE-CORE-IIIT-MANIPUR","CORE-CORE-IIIT-MANIPUR","CORE-IIIT-MANIPUR","CORE IIIT MANIPUR","CORE-IIIT-MANIPUR","CORE-IIIT-MANIPUR","CORE-IIIT-MANIPUR","DETERMINISTIC_REWRITE_READY","REVIEW","Rewrite institution_id to CORE-IIIT-MANIPUR"
"CORE-CORE-IIIT-PRADESH","CORE-CORE-IIIT-PRADESH","CORE-CORE-IIIT-PRADESH","CORE IIIT PRADESH","MISSING","MISSING","CORE-CORE-IIIT-PRADESH","MANUAL_CANONICAL_TARGET_REQUIRED","REVIEW_HIGH","Manual canonical target required before migration"
"CORE-CORE-IIIT-RAJASTHAN","CORE-CORE-IIIT-RAJASTHAN","CORE-IIIT-RAJASTHAN","CORE IIIT RAJASTHAN","MISSING","CORE-IIIT-RAJASTHAN","CORE-IIIT-RAJASTHAN","DETERMINISTIC_REWRITE_READY","REVIEW","Rewrite institution_id to CORE-IIIT-RAJASTHAN"
"CORE-CORE-IIIT-TIRUCHIRAPPALLI","CORE-CORE-IIIT-TIRUCHIRAPPALLI","CORE-IIIT-TIRUCHIRAPPALLI","CORE IIIT TIRUCHIRAPPALLI","CORE-IIIT-TIRUCHIRAPPALLI","CORE-IIIT-TIRUCHIRAPPALLI","CORE-IIIT-TIRUCHIRAPPALLI","DETERMINISTIC_REWRITE_READY","REVIEW","Rewrite institution_id to CORE-IIIT-TIRUCHIRAPPALLI"
"CORE-GHANI-KHAN-CHOUDHARY-INSTITUTE-OF-ENGINEERING-AND-TECHNOLOGY-MALDA-WEST-BENGAL","CORE-GHANI-KHAN-CHOUDHARY-INSTITUTE-OF-ENGINEERING-AND-TECHNOLOGY-MALDA-WEST-BENGAL","CORE-GHANI-KHAN-CHOUDHARY-INSTITUTE-OF-ENGINEERING-AND-TECHNOLOGY-MALDA-WEST-BENGAL","Ghani Khan Choudhary Institute of Engineering and Technology, Malda, West Bengal","Ghani Khan Choudhary Institute of Engineering and Technology, Malda, West Bengal","Ghani Khan Choudhary Institute of Engineering and Technology, Malda, West Bengal","CORE-GHANI-KHAN-CHOUDHARY-INSTITUTE-OF-ENGINEERING-AND-TECHNOLOGY-MALDA-WEST-BENGAL","NONE","SAFE","None"
"CORE-MANIPAL-INSTITUTE-OF-TECHNOLOGY-MANIPAL","CORE-MANIPAL-INSTITUTE-OF-TECHNOLOGY-MANIPAL","CORE-MANIPAL-INSTITUTE-OF-TECHNOLOGY-MANIPAL","Manipal Institute of Technology, Manipal","MISSING","Manipal Institute of Technology, Manipal","CORE-MANIPAL-INSTITUTE-OF-TECHNOLOGY-MANIPAL","NONE","SAFE","None"
"CORE-NATIONAL-INSTITUTE-OF-FOOD-TECHNOLOGY-ENTREPRENEURSHIP-AND-MANAGEMENT-THANJAVUR","CORE-NATIONAL-INSTITUTE-OF-FOOD-TECHNOLOGY-ENTREPRENEURSHIP-AND-MANAGEMENT-THANJAVUR","CORE-NATIONAL-INSTITUTE-OF-FOOD-TECHNOLOGY-ENTREPRENEURSHIP-AND-MANAGEMENT-THANJAVUR","NATIONAL INSTITUTE OF FOOD TECHNOLOGY, ENTREPRENEURSHIP AND MANAGEMENT -THANJAVUR","MISSING","MISSING","CORE-NATIONAL-INSTITUTE-OF-FOOD-TECHNOLOGY-ENTREPRENEURSHIP-AND-MANAGEMENT-THANJAVUR","NONE","SAFE","None"
"CORE-BIRLA-INSTITUTE-OF-TECHNOLOGY-MESRA-RANCHI","CORE-BIRLA-INSTITUTE-OF-TECHNOLOGY-MESRA-RANCHI","CORE-BIRLA-INSTITUTE-OF-TECHNOLOGY-MESRA-RANCHI","Birla Institute of Technology, Mesra, Ranchi","Birla Institute of Technology, Mesra, Ranchi","Birla Institute of Technology, Mesra, Ranchi","CORE-BIRLA-INSTITUTE-OF-TECHNOLOGY-MESRA-RANCHI","NONE","SAFE","None"
"CORE-INSTITUTE-OF-INFRASTRUCTURE-TECHNOLOGY-RESEARCH-AND-MANAGEMENT-AHMEDABAD","CORE-INSTITUTE-OF-INFRASTRUCTURE-TECHNOLOGY-RESEARCH-AND-MANAGEMENT-AHMEDABAD","CORE-INSTITUTE-OF-INFRASTRUCTURE-TECHNOLOGY-RESEARCH-AND-MANAGEMENT-AHMEDABAD","Institute of Infrastructure, Technology, Research and Management-Ahmedabad","Institute of Infrastructure, Technology, Research and Management-Ahmedabad","Institute of Infrastructure, Technology, Research and Management-Ahmedabad","CORE-INSTITUTE-OF-INFRASTRUCTURE-TECHNOLOGY-RESEARCH-AND-MANAGEMENT-AHMEDABAD","NONE","SAFE","None"
"CORE-INTERNATIONAL-INSTITUTE-OF-INFORMATION-TECHNOLOGY-BHUBANESWAR","CORE-INTERNATIONAL-INSTITUTE-OF-INFORMATION-TECHNOLOGY-BHUBANESWAR","CORE-INTERNATIONAL-INSTITUTE-OF-INFORMATION-TECHNOLOGY-BHUBANESWAR","International Institute of Information Technology, Bhubaneswar","International Institute of Information Technology, Bhubaneswar","International Institute of Information Technology, Bhubaneswar","CORE-INTERNATIONAL-INSTITUTE-OF-INFORMATION-TECHNOLOGY-BHUBANESWAR","NONE","SAFE","None"
"CORE-INTERNATIONAL-INSTITUTE-OF-INFORMATION-TECHNOLOGY-NAYA-RAIPUR","CORE-INTERNATIONAL-INSTITUTE-OF-INFORMATION-TECHNOLOGY-NAYA-RAIPUR","CORE-INTERNATIONAL-INSTITUTE-OF-INFORMATION-TECHNOLOGY-NAYA-RAIPUR","International Institute of Information Technology, Naya Raipur","International Institute of Information Technology, Naya Raipur","International Institute of Information Technology, Naya Raipur","CORE-INTERNATIONAL-INSTITUTE-OF-INFORMATION-TECHNOLOGY-NAYA-RAIPUR","NONE","SAFE","None"
"CORE-AICTE-1-44637260101","CORE-AICTE-1-44637260101","CORE-AICTE-1-44637260101","AICTE Institution 1-44637260101","MISSING","MISSING","CORE-AICTE-1-44637260101","NONE","SAFE","None"
"CORE-AICTE-1-44638089876","CORE-AICTE-1-44638089876","CORE-AICTE-1-44638089876","AICTE Institution 1-44638089876","MISSING","MISSING","CORE-AICTE-1-44638089876","NONE","SAFE","None"
"CORE-AICTE-1-44638180495","CORE-AICTE-1-44638180495","CORE-AICTE-1-44638180495","AICTE Institution 1-44638180495","MISSING","MISSING","CORE-AICTE-1-44638180495","NONE","SAFE","None"
"CORE-AICTE-1-44638230051","CORE-AICTE-1-44638230051","CORE-AICTE-1-44638230051","AICTE Institution 1-44638230051","MISSING","MISSING","CORE-AICTE-1-44638230051","NONE","SAFE","None"
"CORE-AICTE-1-44638339730","CORE-AICTE-1-44638339730","CORE-AICTE-1-44638339730","AICTE Institution 1-44638339730","MISSING","MISSING","CORE-AICTE-1-44638339730","NONE","SAFE","None"
"CORE-AICTE-1-44638343530","CORE-AICTE-1-44638343530","CORE-AICTE-1-44638343530","AICTE Institution 1-44638343530","MISSING","MISSING","CORE-AICTE-1-44638343530","NONE","SAFE","None"
"CORE-AICTE-1-44638417896","CORE-AICTE-1-44638417896","CORE-AICTE-1-44638417896","AICTE Institution 1-44638417896","MISSING","MISSING","CORE-AICTE-1-44638417896","NONE","SAFE","None"
"CORE-AICTE-1-44638506195","CORE-AICTE-1-44638506195","CORE-AICTE-1-44638506195","AICTE Institution 1-44638506195","MISSING","MISSING","CORE-AICTE-1-44638506195","NONE","SAFE","None"
"CORE-AICTE-1-44638573601","CORE-AICTE-1-44638573601","CORE-AICTE-1-44638573601","AICTE Institution 1-44638573601","MISSING","MISSING","CORE-AICTE-1-44638573601","NONE","SAFE","None"
"CORE-AICTE-1-44638627247","CORE-AICTE-1-44638627247","CORE-AICTE-1-44638627247","AICTE Institution 1-44638627247","MISSING","MISSING","CORE-AICTE-1-44638627247","NONE","SAFE","None"
"CORE-AICTE-1-44638734913","CORE-AICTE-1-44638734913","CORE-AICTE-1-44638734913","AICTE Institution 1-44638734913","MISSING","MISSING","CORE-AICTE-1-44638734913","NONE","SAFE","None"
"CORE-AICTE-1-44638803128","CORE-AICTE-1-44638803128","CORE-AICTE-1-44638803128","AICTE Institution 1-44638803128","MISSING","MISSING","CORE-AICTE-1-44638803128","NONE","SAFE","None"
"CORE-AICTE-1-44638827801","CORE-AICTE-1-44638827801","CORE-AICTE-1-44638827801","AICTE Institution 1-44638827801","MISSING","MISSING","CORE-AICTE-1-44638827801","NONE","SAFE","None"
"CORE-AICTE-1-44638835077","CORE-AICTE-1-44638835077","CORE-AICTE-1-44638835077","AICTE Institution 1-44638835077","MISSING","MISSING","CORE-AICTE-1-44638835077","NONE","SAFE","None"
"CORE-AICTE-1-44638932600","CORE-AICTE-1-44638932600","CORE-AICTE-1-44638932600","AICTE Institution 1-44638932600","MISSING","MISSING","CORE-AICTE-1-44638932600","NONE","SAFE","None"
"CORE-AICTE-1-44639546931","CORE-AICTE-1-44639546931","CORE-AICTE-1-44639546931","AICTE Institution 1-44639546931","MISSING","MISSING","CORE-AICTE-1-44639546931","NONE","SAFE","None"
"CORE-AICTE-1-44639563433","CORE-AICTE-1-44639563433","CORE-AICTE-1-44639563433","AICTE Institution 1-44639563433","MISSING","MISSING","CORE-AICTE-1-44639563433","NONE","SAFE","None"
"CORE-AICTE-1-44639658589","CORE-AICTE-1-44639658589","CORE-AICTE-1-44639658589","AICTE Institution 1-44639658589","MISSING","MISSING","CORE-AICTE-1-44639658589","NONE","SAFE","None"
"CORE-AICTE-1-44639754848","CORE-AICTE-1-44639754848","CORE-AICTE-1-44639754848","AICTE Institution 1-44639754848","MISSING","MISSING","CORE-AICTE-1-44639754848","NONE","SAFE","None"
"CORE-AICTE-1-44639772141","CORE-AICTE-1-44639772141","CORE-AICTE-1-44639772141","AICTE Institution 1-44639772141","MISSING","MISSING","CORE-AICTE-1-44639772141","NONE","SAFE","None"
"CORE-AICTE-1-44639864156","CORE-AICTE-1-44639864156","CORE-AICTE-1-44639864156","AICTE Institution 1-44639864156","MISSING","MISSING","CORE-AICTE-1-44639864156","NONE","SAFE","None"
"CORE-AICTE-1-44639945530","CORE-AICTE-1-44639945530","CORE-AICTE-1-44639945530","AICTE Institution 1-44639945530","MISSING","MISSING","CORE-AICTE-1-44639945530","NONE","SAFE","None"
"CORE-AICTE-1-44640046939","CORE-AICTE-1-44640046939","CORE-AICTE-1-44640046939","AICTE Institution 1-44640046939","MISSING","MISSING","CORE-AICTE-1-44640046939","NONE","SAFE","None"
"CORE-AICTE-1-44640191315","CORE-AICTE-1-44640191315","CORE-AICTE-1-44640191315","AICTE Institution 1-44640191315","MISSING","MISSING","CORE-AICTE-1-44640191315","NONE","SAFE","None"
"CORE-AICTE-1-44640195682","CORE-AICTE-1-44640195682","CORE-AICTE-1-44640195682","AICTE Institution 1-44640195682","MISSING","MISSING","CORE-AICTE-1-44640195682","NONE","SAFE","None"
"CORE-AICTE-1-44640234814","CORE-AICTE-1-44640234814","CORE-AICTE-1-44640234814","AICTE Institution 1-44640234814","MISSING","MISSING","CORE-AICTE-1-44640234814","NONE","SAFE","None"
"CORE-AICTE-1-44640290488","CORE-AICTE-1-44640290488","CORE-AICTE-1-44640290488","AICTE Institution 1-44640290488","MISSING","MISSING","CORE-AICTE-1-44640290488","NONE","SAFE","None"
"CORE-AICTE-1-44640371659","CORE-AICTE-1-44640371659","CORE-AICTE-1-44640371659","AICTE Institution 1-44640371659","MISSING","MISSING","CORE-AICTE-1-44640371659","NONE","SAFE","None"
"CORE-AICTE-1-44640415205","CORE-AICTE-1-44640415205","CORE-AICTE-1-44640415205","AICTE Institution 1-44640415205","MISSING","MISSING","CORE-AICTE-1-44640415205","NONE","SAFE","None"
"CORE-AICTE-1-44640419040","CORE-AICTE-1-44640419040","CORE-AICTE-1-44640419040","AICTE Institution 1-44640419040","MISSING","MISSING","CORE-AICTE-1-44640419040","NONE","SAFE","None"
"CORE-AICTE-1-44640586918","CORE-AICTE-1-44640586918","CORE-AICTE-1-44640586918","AICTE Institution 1-44640586918","MISSING","MISSING","CORE-AICTE-1-44640586918","NONE","SAFE","None"
"CORE-AICTE-1-44640825251","CORE-AICTE-1-44640825251","CORE-AICTE-1-44640825251","AICTE Institution 1-44640825251","MISSING","MISSING","CORE-AICTE-1-44640825251","NONE","SAFE","None"
"CORE-AICTE-1-44640884023","CORE-AICTE-1-44640884023","CORE-AICTE-1-44640884023","AICTE Institution 1-44640884023","MISSING","MISSING","CORE-AICTE-1-44640884023","NONE","SAFE","None"
"CORE-AICTE-1-44640936781","CORE-AICTE-1-44640936781","CORE-AICTE-1-44640936781","AICTE Institution 1-44640936781","MISSING","MISSING","CORE-AICTE-1-44640936781","NONE","SAFE","None"
"CORE-AICTE-1-44641284570","CORE-AICTE-1-44641284570","CORE-AICTE-1-44641284570","AICTE Institution 1-44641284570","MISSING","MISSING","CORE-AICTE-1-44641284570","NONE","SAFE","None"
"CORE-AICTE-1-44641394123","CORE-AICTE-1-44641394123","CORE-AICTE-1-44641394123","AICTE Institution 1-44641394123","MISSING","MISSING","CORE-AICTE-1-44641394123","NONE","SAFE","None"
"CORE-AICTE-1-44641549024","CORE-AICTE-1-44641549024","CORE-AICTE-1-44641549024","AICTE Institution 1-44641549024","MISSING","MISSING","CORE-AICTE-1-44641549024","NONE","SAFE","None"
"CORE-AICTE-1-44641659758","CORE-AICTE-1-44641659758","CORE-AICTE-1-44641659758","AICTE Institution 1-44641659758","MISSING","MISSING","CORE-AICTE-1-44641659758","NONE","SAFE","None"
"CORE-AICTE-1-44641676837","CORE-AICTE-1-44641676837","CORE-AICTE-1-44641676837","AICTE Institution 1-44641676837","MISSING","MISSING","CORE-AICTE-1-44641676837","NONE","SAFE","None"
"CORE-AICTE-1-44641678195","CORE-AICTE-1-44641678195","CORE-AICTE-1-44641678195","AICTE Institution 1-44641678195","MISSING","MISSING","CORE-AICTE-1-44641678195","NONE","SAFE","None"
"CORE-AICTE-1-44641745478","CORE-AICTE-1-44641745478","CORE-AICTE-1-44641745478","AICTE Institution 1-44641745478","MISSING","MISSING","CORE-AICTE-1-44641745478","NONE","SAFE","None"
"CORE-AICTE-1-44641771420","CORE-AICTE-1-44641771420","CORE-AICTE-1-44641771420","AICTE Institution 1-44641771420","MISSING","MISSING","CORE-AICTE-1-44641771420","NONE","SAFE","None"
"CORE-AICTE-1-44641806108","CORE-AICTE-1-44641806108","CORE-AICTE-1-44641806108","AICTE Institution 1-44641806108","MISSING","MISSING","CORE-AICTE-1-44641806108","NONE","SAFE","None"
"CORE-AICTE-1-44641832195","CORE-AICTE-1-44641832195","CORE-AICTE-1-44641832195","AICTE Institution 1-44641832195","MISSING","MISSING","CORE-AICTE-1-44641832195","NONE","SAFE","None"
"CORE-AICTE-1-44641852157","CORE-AICTE-1-44641852157","CORE-AICTE-1-44641852157","AICTE Institution 1-44641852157","MISSING","MISSING","CORE-AICTE-1-44641852157","NONE","SAFE","None"
"CORE-AICTE-1-44641914888","CORE-AICTE-1-44641914888","CORE-AICTE-1-44641914888","AICTE Institution 1-44641914888","MISSING","MISSING","CORE-AICTE-1-44641914888","NONE","SAFE","None"
"CORE-AICTE-1-44641925723","CORE-AICTE-1-44641925723","CORE-AICTE-1-44641925723","AICTE Institution 1-44641925723","MISSING","MISSING","CORE-AICTE-1-44641925723","NONE","SAFE","None"
"CORE-AICTE-1-44641952602","CORE-AICTE-1-44641952602","CORE-AICTE-1-44641952602","AICTE Institution 1-44641952602","MISSING","MISSING","CORE-AICTE-1-44641952602","NONE","SAFE","None"
"CORE-AICTE-1-44642237208","CORE-AICTE-1-44642237208","CORE-AICTE-1-44642237208","AICTE Institution 1-44642237208","MISSING","MISSING","CORE-AICTE-1-44642237208","NONE","SAFE","None"
"CORE-AICTE-1-44642250885","CORE-AICTE-1-44642250885","CORE-AICTE-1-44642250885","AICTE Institution 1-44642250885","MISSING","MISSING","CORE-AICTE-1-44642250885","NONE","SAFE","None"
"CORE-AICTE-1-44642276487","CORE-AICTE-1-44642276487","CORE-AICTE-1-44642276487","AICTE Institution 1-44642276487","MISSING","MISSING","CORE-AICTE-1-44642276487","NONE","SAFE","None"
"CORE-AICTE-1-44642295707","CORE-AICTE-1-44642295707","CORE-AICTE-1-44642295707","AICTE Institution 1-44642295707","MISSING","MISSING","CORE-AICTE-1-44642295707","NONE","SAFE","None"
"CORE-AICTE-1-44642302285","CORE-AICTE-1-44642302285","CORE-AICTE-1-44642302285","AICTE Institution 1-44642302285","MISSING","MISSING","CORE-AICTE-1-44642302285","NONE","SAFE","None"
"CORE-AICTE-1-44642355580","CORE-AICTE-1-44642355580","CORE-AICTE-1-44642355580","AICTE Institution 1-44642355580","MISSING","MISSING","CORE-AICTE-1-44642355580","NONE","SAFE","None"
"CORE-AICTE-1-44642356386","CORE-AICTE-1-44642356386","CORE-AICTE-1-44642356386","AICTE Institution 1-44642356386","MISSING","MISSING","CORE-AICTE-1-44642356386","NONE","SAFE","None"
"CORE-AICTE-1-44642485642","CORE-AICTE-1-44642485642","CORE-AICTE-1-44642485642","AICTE Institution 1-44642485642","MISSING","MISSING","CORE-AICTE-1-44642485642","NONE","SAFE","None"
"CORE-AICTE-1-44642502034","CORE-AICTE-1-44642502034","CORE-AICTE-1-44642502034","AICTE Institution 1-44642502034","MISSING","MISSING","CORE-AICTE-1-44642502034","NONE","SAFE","None"
"CORE-AICTE-1-44642659248","CORE-AICTE-1-44642659248","CORE-AICTE-1-44642659248","AICTE Institution 1-44642659248","MISSING","MISSING","CORE-AICTE-1-44642659248","NONE","SAFE","None"
"CORE-AICTE-1-44642712421","CORE-AICTE-1-44642712421","CORE-AICTE-1-44642712421","AICTE Institution 1-44642712421","MISSING","MISSING","CORE-AICTE-1-44642712421","NONE","SAFE","None"
"CORE-AICTE-1-44642826943","CORE-AICTE-1-44642826943","CORE-AICTE-1-44642826943","AICTE Institution 1-44642826943","MISSING","MISSING","CORE-AICTE-1-44642826943","NONE","SAFE","None"
"CORE-AICTE-1-44642874041","CORE-AICTE-1-44642874041","CORE-AICTE-1-44642874041","AICTE Institution 1-44642874041","MISSING","MISSING","CORE-AICTE-1-44642874041","NONE","SAFE","None"
"CORE-AICTE-1-44642961216","CORE-AICTE-1-44642961216","CORE-AICTE-1-44642961216","AICTE Institution 1-44642961216","MISSING","MISSING","CORE-AICTE-1-44642961216","NONE","SAFE","None"
"CORE-AICTE-1-44642964305","CORE-AICTE-1-44642964305","CORE-AICTE-1-44642964305","AICTE Institution 1-44642964305","MISSING","MISSING","CORE-AICTE-1-44642964305","NONE","SAFE","None"
"CORE-AICTE-1-44642965002","CORE-AICTE-1-44642965002","CORE-AICTE-1-44642965002","AICTE Institution 1-44642965002","MISSING","MISSING","CORE-AICTE-1-44642965002","NONE","SAFE","None"
"CORE-AICTE-1-44642967201","CORE-AICTE-1-44642967201","CORE-AICTE-1-44642967201","AICTE Institution 1-44642967201","MISSING","MISSING","CORE-AICTE-1-44642967201","NONE","SAFE","None"
"CORE-AICTE-1-44643122522","CORE-AICTE-1-44643122522","CORE-AICTE-1-44643122522","AICTE Institution 1-44643122522","MISSING","MISSING","CORE-AICTE-1-44643122522","NONE","SAFE","None"
"CORE-AICTE-1-44643164961","CORE-AICTE-1-44643164961","CORE-AICTE-1-44643164961","AICTE Institution 1-44643164961","MISSING","MISSING","CORE-AICTE-1-44643164961","NONE","SAFE","None"
"CORE-AICTE-1-44643230639","CORE-AICTE-1-44643230639","CORE-AICTE-1-44643230639","AICTE Institution 1-44643230639","MISSING","MISSING","CORE-AICTE-1-44643230639","NONE","SAFE","None"
"CORE-AICTE-1-44643311346","CORE-AICTE-1-44643311346","CORE-AICTE-1-44643311346","AICTE Institution 1-44643311346","MISSING","MISSING","CORE-AICTE-1-44643311346","NONE","SAFE","None"
"CORE-AICTE-1-44643337669","CORE-AICTE-1-44643337669","CORE-AICTE-1-44643337669","AICTE Institution 1-44643337669","MISSING","MISSING","CORE-AICTE-1-44643337669","NONE","SAFE","None"
"CORE-AICTE-1-44643357539","CORE-AICTE-1-44643357539","CORE-AICTE-1-44643357539","AICTE Institution 1-44643357539","MISSING","MISSING","CORE-AICTE-1-44643357539","NONE","SAFE","None"
"CORE-AICTE-1-44643427751","CORE-AICTE-1-44643427751","CORE-AICTE-1-44643427751","AICTE Institution 1-44643427751","MISSING","MISSING","CORE-AICTE-1-44643427751","NONE","SAFE","None"
"CORE-AICTE-1-44643459460","CORE-AICTE-1-44643459460","CORE-AICTE-1-44643459460","AICTE Institution 1-44643459460","MISSING","MISSING","CORE-AICTE-1-44643459460","NONE","SAFE","None"
"CORE-AICTE-1-44643462613","CORE-AICTE-1-44643462613","CORE-AICTE-1-44643462613","AICTE Institution 1-44643462613","MISSING","MISSING","CORE-AICTE-1-44643462613","NONE","SAFE","None"
"CORE-AICTE-1-44643467113","CORE-AICTE-1-44643467113","CORE-AICTE-1-44643467113","AICTE Institution 1-44643467113","MISSING","MISSING","CORE-AICTE-1-44643467113","NONE","SAFE","None"
"CORE-AICTE-1-44643471242","CORE-AICTE-1-44643471242","CORE-AICTE-1-44643471242","AICTE Institution 1-44643471242","MISSING","MISSING","CORE-AICTE-1-44643471242","NONE","SAFE","None"
"CORE-AICTE-1-44643656305","CORE-AICTE-1-44643656305","CORE-AICTE-1-44643656305","AICTE Institution 1-44643656305","MISSING","MISSING","CORE-AICTE-1-44643656305","NONE","SAFE","None"
"CORE-AICTE-1-44643681436","CORE-AICTE-1-44643681436","CORE-AICTE-1-44643681436","AICTE Institution 1-44643681436","MISSING","MISSING","CORE-AICTE-1-44643681436","NONE","SAFE","None"
"CORE-AICTE-1-44643745827","CORE-AICTE-1-44643745827","CORE-AICTE-1-44643745827","AICTE Institution 1-44643745827","MISSING","MISSING","CORE-AICTE-1-44643745827","NONE","SAFE","None"
"CORE-AICTE-1-44643864170","CORE-AICTE-1-44643864170","CORE-AICTE-1-44643864170","AICTE Institution 1-44643864170","MISSING","MISSING","CORE-AICTE-1-44643864170","NONE","SAFE","None"
"CORE-ASSAM-UNIVERSITY-SILCHAR","CORE-ASSAM-UNIVERSITY-SILCHAR","CORE-ASSAM-UNIVERSITY-SILCHAR","Assam University, Silchar","Assam University, Silchar","Assam University, Silchar","CORE-ASSAM-UNIVERSITY-SILCHAR","NONE","SAFE","None"
"CORE-IIIT-GWALIOR","CORE-IIIT-GWALIOR","CORE-IIIT-GWALIOR","Atal Bihari Vajpayee Indian Institute of Information Technology and Management, Gwalior","CORE-IIIT-GWALIOR","CORE-IIIT-GWALIOR","CORE-IIIT-GWALIOR","NONE","SAFE","None"
"CORE-BIRLA-INSTITUTE-OF-TECHNOLOGY-DEOGHAR","CORE-BIRLA-INSTITUTE-OF-TECHNOLOGY-DEOGHAR","CORE-BIRLA-INSTITUTE-OF-TECHNOLOGY-DEOGHAR","Birla Institute of Technology, Deoghar Off-Campus","Birla Institute of Technology, Deoghar Off-Campus","Birla Institute of Technology, Deoghar Off-Campus","CORE-BIRLA-INSTITUTE-OF-TECHNOLOGY-DEOGHAR","NONE","SAFE","None"
"CORE-BIRLA-INSTITUTE-OF-TECHNOLOGY-PATNA","CORE-BIRLA-INSTITUTE-OF-TECHNOLOGY-PATNA","CORE-BIRLA-INSTITUTE-OF-TECHNOLOGY-PATNA","Birla Institute of Technology, Patna Off-Campus","Birla Institute of Technology, Patna Off-Campus","Birla Institute of Technology, Patna Off-Campus","CORE-BIRLA-INSTITUTE-OF-TECHNOLOGY-PATNA","NONE","SAFE","None"
"CORE-BIRLA-INSTITUTE-OF-TECHNOLOGY-RANCHI","CORE-BIRLA-INSTITUTE-OF-TECHNOLOGY-RANCHI","CORE-BIRLA-INSTITUTE-OF-TECHNOLOGY-RANCHI","Birla Institute of Technology, Ranchi","MISSING","MISSING","CORE-BIRLA-INSTITUTE-OF-TECHNOLOGY-RANCHI","NONE","SAFE","None"
"CORE-CENTRAL-UNIVERSITY-OF-HARYANA","CORE-CENTRAL-UNIVERSITY-OF-HARYANA","CORE-CENTRAL-UNIVERSITY-OF-HARYANA","Central University of Haryana","Central University of Haryana","Central University of Haryana","CORE-CENTRAL-UNIVERSITY-OF-HARYANA","NONE","SAFE","None"
"CORE-CENTRAL-UNIVERSITY-OF-JAMMU","CORE-CENTRAL-UNIVERSITY-OF-JAMMU","CORE-CENTRAL-UNIVERSITY-OF-JAMMU","Central University of Jammu","Central University of Jammu","Central University of Jammu","CORE-CENTRAL-UNIVERSITY-OF-JAMMU","NONE","SAFE","None"
"CORE-DR-B-R-AMBEDKAR-NATIONAL-INSTITUTE-OF-TECHNOLOGY-JALANDHAR","CORE-DR-B-R-AMBEDKAR-NATIONAL-INSTITUTE-OF-TECHNOLOGY-JALANDHAR","CORE-DR-B-R-AMBEDKAR-NATIONAL-INSTITUTE-OF-TECHNOLOGY-JALANDHAR","Dr. B. R. Ambedkar National Institute of Technology, Jalandhar","MISSING","MISSING","CORE-DR-B-R-AMBEDKAR-NATIONAL-INSTITUTE-OF-TECHNOLOGY-JALANDHAR","NONE","SAFE","None"
"CORE-GATI-SHAKTI-VISHWAVIDYALAYA-VADODARA","CORE-GATI-SHAKTI-VISHWAVIDYALAYA-VADODARA","CORE-GATI-SHAKTI-VISHWAVIDYALAYA-VADODARA","Gati Shakti Vishwavidyalaya, Vadodara","Gati Shakti Vishwavidyalaya, Vadodara","Gati Shakti Vishwavidyalaya, Vadodara","CORE-GATI-SHAKTI-VISHWAVIDYALAYA-VADODARA","NONE","SAFE","None"
"CORE-GHANI-KHAN-CHOUDHURY-INSTITUTE-OF-ENGINEERING-TECHNOLOGY-KOTWALI-MALDA","CORE-GHANI-KHAN-CHOUDHURY-INSTITUTE-OF-ENGINEERING-TECHNOLOGY-KOTWALI-MALDA","CORE-GHANI-KHAN-CHOUDHURY-INSTITUTE-OF-ENGINEERING-TECHNOLOGY-KOTWALI-MALDA","GHANI KHAN CHOUDHURY INSTITUTE OF ENGINEERING & TECHNOLOGY, KOTWALI, MALDA","MISSING","MISSING","CORE-GHANI-KHAN-CHOUDHURY-INSTITUTE-OF-ENGINEERING-TECHNOLOGY-KOTWALI-MALDA","NONE","SAFE","None"
"CORE-GURUKULA-KANGRI-VISHWAVIDYALAYA-HARIDWAR","CORE-GURUKULA-KANGRI-VISHWAVIDYALAYA-HARIDWAR","CORE-GURUKULA-KANGRI-VISHWAVIDYALAYA-HARIDWAR","Gurukula Kangri Vishwavidyalaya, Haridwar","Gurukula Kangri Vishwavidyalaya, Haridwar","Gurukula Kangri Vishwavidyalaya, Haridwar","CORE-GURUKULA-KANGRI-VISHWAVIDYALAYA-HARIDWAR","NONE","SAFE","None"
"CORE-INDIAN-INSTITUTE-OF-CARPET-TECHNOLOGY-BHADOHI","CORE-INDIAN-INSTITUTE-OF-CARPET-TECHNOLOGY-BHADOHI","CORE-INDIAN-INSTITUTE-OF-CARPET-TECHNOLOGY-BHADOHI","INDIAN INSTITUTE OF CARPET TECHNOLOGY, BHADOHI","MISSING","MISSING","CORE-INDIAN-INSTITUTE-OF-CARPET-TECHNOLOGY-BHADOHI","NONE","SAFE","None"
"CORE-INDIAN-INSTITUTE-OF-HANDLOOM-TECHNOLOGY-SALEM","CORE-INDIAN-INSTITUTE-OF-HANDLOOM-TECHNOLOGY-SALEM","CORE-INDIAN-INSTITUTE-OF-HANDLOOM-TECHNOLOGY-SALEM","INDIAN INSTITUTE OF HANDLOOM TECHNOLOGY, SALEM","MISSING","MISSING","CORE-INDIAN-INSTITUTE-OF-HANDLOOM-TECHNOLOGY-SALEM","NONE","SAFE","None"
"CORE-IIIT-TECHNOLOGY","CORE-IIIT-TECHNOLOGY","CORE-IIIT-TECHNOLOGY","INDIAN INSTITUTE OF INFORMATION TECHNOLOGY","MISSING","MISSING","CORE-IIIT-TECHNOLOGY","NONE","SAFE","None"
"CORE-INDIAN-INSTITUTE-OF-INFORMATION-TECHNOLOGY-BHAGALPUR","CORE-INDIAN-INSTITUTE-OF-INFORMATION-TECHNOLOGY-BHAGALPUR","CORE-INDIAN-INSTITUTE-OF-INFORMATION-TECHNOLOGY-BHAGALPUR","INDIAN INSTITUTE OF INFORMATION TECHNOLOGY BHAGALPUR","MISSING","MISSING","CORE-INDIAN-INSTITUTE-OF-INFORMATION-TECHNOLOGY-BHAGALPUR","NONE","SAFE","None"
"CORE-IIIT-RAICHUR","CORE-IIIT-RAICHUR","CORE-IIIT-RAICHUR","INDIAN INSTITUTE OF INFORMATION TECHNOLOGY RAICHUR","CORE-IIIT-RAICHUR","CORE-IIIT-RAICHUR","CORE-IIIT-RAICHUR","NONE","SAFE","None"
"CORE-INDIAN-INSTITUTE-OF-INFORMATION-TECHNOLOGY-SURAT","CORE-INDIAN-INSTITUTE-OF-INFORMATION-TECHNOLOGY-SURAT","CORE-INDIAN-INSTITUTE-OF-INFORMATION-TECHNOLOGY-SURAT","INDIAN INSTITUTE OF INFORMATION TECHNOLOGY SURAT","MISSING","MISSING","CORE-INDIAN-INSTITUTE-OF-INFORMATION-TECHNOLOGY-SURAT","NONE","SAFE","None"
"CORE-IIIT-VADODARA","CORE-IIIT-VADODARA","CORE-IIIT-VADODARA","INDIAN INSTITUTE OF INFORMATION TECHNOLOGY VADODARA INTERNATIONAL CAMPUS DIU","CORE-IIIT-VADODARA","CORE-IIIT-VADODARA","CORE-IIIT-VADODARA","NONE","SAFE","None"
"CORE-INDIAN-INSTITUTE-OF-INFORMATION-TECHNOLOGY-GUWAHATI","CORE-INDIAN-INSTITUTE-OF-INFORMATION-TECHNOLOGY-GUWAHATI","CORE-INDIAN-INSTITUTE-OF-INFORMATION-TECHNOLOGY-GUWAHATI","INDIAN INSTITUTE OF INFORMATION TECHNOLOGY, GUWAHATI","MISSING","MISSING","CORE-INDIAN-INSTITUTE-OF-INFORMATION-TECHNOLOGY-GUWAHATI","NONE","SAFE","None"
"CORE-IIIT-KALYANI","CORE-IIIT-KALYANI","CORE-IIIT-KALYANI","INDIAN INSTITUTE OF INFORMATION TECHNOLOGY, KALYANI","CORE-IIIT-KALYANI","CORE-IIIT-KALYANI","CORE-IIIT-KALYANI","NONE","SAFE","None"
"CORE-IIIT-AGARTALA","CORE-IIIT-AGARTALA","CORE-IIIT-AGARTALA","Indian Institute of Information Technology Agartala","CORE-IIIT-AGARTALA","CORE-IIIT-AGARTALA","CORE-IIIT-AGARTALA","NONE","SAFE","None"
"CORE-IIIT-KURNOOL","CORE-IIIT-KURNOOL","CORE-IIIT-KURNOOL","Indian Institute of Information Technology Design And Manufacturing, Kurnool","MISSING","MISSING","CORE-IIIT-KURNOOL","NONE","SAFE","None"
"CORE-INDIAN-INSTITUTE-OF-INFORMATION-TECHNOLOGY-ALLAHABAD","CORE-INDIAN-INSTITUTE-OF-INFORMATION-TECHNOLOGY-ALLAHABAD","CORE-INDIAN-INSTITUTE-OF-INFORMATION-TECHNOLOGY-ALLAHABAD","Indian Institute of Information Technology, Allahabad","MISSING","MISSING","CORE-INDIAN-INSTITUTE-OF-INFORMATION-TECHNOLOGY-ALLAHABAD","NONE","SAFE","None"
"CORE-INDIAN-INSTITUTE-OF-INFORMATION-TECHNOLOGY-DESIGN-MANUFACTURING-KANCHEEPURAM","CORE-INDIAN-INSTITUTE-OF-INFORMATION-TECHNOLOGY-DESIGN-MANUFACTURING-KANCHEEPURAM","CORE-INDIAN-INSTITUTE-OF-INFORMATION-TECHNOLOGY-DESIGN-MANUFACTURING-KANCHEEPURAM","Indian Institute of Information Technology, Design & Manufacturing, Kancheepuram","MISSING","MISSING","CORE-INDIAN-INSTITUTE-OF-INFORMATION-TECHNOLOGY-DESIGN-MANUFACTURING-KANCHEEPURAM","NONE","SAFE","None"
"CORE-IIIT-DHARWAD","CORE-IIIT-DHARWAD","CORE-IIIT-DHARWAD","Indian Institute of Information Technology, Dharwad","MISSING","MISSING","CORE-IIIT-DHARWAD","NONE","SAFE","None"
"CORE-IIIT-KOTA","CORE-IIIT-KOTA","CORE-IIIT-KOTA","INDIAN INSTITUTE OF INFORMATION TECHNOLOGY, KOTA","CORE-IIIT-KOTA","CORE-IIIT-KOTA","CORE-IIIT-KOTA","NONE","SAFE","None"
"CORE-IIIT-KOTTAYAM","CORE-IIIT-KOTTAYAM","CORE-IIIT-KOTTAYAM","INDIAN INSTITUTE OF INFORMATION TECHNOLOGY, KOTTAYAM","CORE-IIIT-KOTTAYAM","CORE-IIIT-KOTTAYAM","CORE-IIIT-KOTTAYAM","NONE","SAFE","None"
"CORE-INDIAN-INSTITUTE-OF-INFORMATION-TECHNOLOGY-LUCKNOW","CORE-INDIAN-INSTITUTE-OF-INFORMATION-TECHNOLOGY-LUCKNOW","CORE-INDIAN-INSTITUTE-OF-INFORMATION-TECHNOLOGY-LUCKNOW","INDIAN INSTITUTE OF INFORMATION TECHNOLOGY, LUCKNOW","MISSING","MISSING","CORE-INDIAN-INSTITUTE-OF-INFORMATION-TECHNOLOGY-LUCKNOW","NONE","SAFE","None"
"CORE-IIIT-NAGPUR","CORE-IIIT-NAGPUR","CORE-IIIT-NAGPUR","INDIAN INSTITUTE OF INFORMATION TECHNOLOGY, NAGPUR","CORE-IIIT-NAGPUR","CORE-IIIT-NAGPUR","CORE-IIIT-NAGPUR","NONE","SAFE","None"
"CORE-IIIT-PUNE","CORE-IIIT-PUNE","CORE-IIIT-PUNE","INDIAN INSTITUTE OF INFORMATION TECHNOLOGY, PUNE","CORE-IIIT-PUNE","CORE-IIIT-PUNE","CORE-IIIT-PUNE","NONE","SAFE","None"
"CORE-IIIT-RANCHI","CORE-IIIT-RANCHI","CORE-IIIT-RANCHI","INDIAN INSTITUTE OF INFORMATION TECHNOLOGY, RANCHI","CORE-IIIT-RANCHI","CORE-IIIT-RANCHI","CORE-IIIT-RANCHI","NONE","SAFE","None"
"CORE-IIIT-SENAPATI","CORE-IIIT-SENAPATI","CORE-IIIT-SENAPATI","INDIAN INSTITUTE OF INFORMATION TECHNOLOGY, SENAPATI","MISSING","MISSING","CORE-IIIT-SENAPATI","NONE","SAFE","None"
"CORE-IIIT-CITY","CORE-IIIT-CITY","CORE-IIIT-CITY","INDIAN INSTITUTE OF INFORMATION TECHNOLOGY, SRI CITY","MISSING","MISSING","CORE-IIIT-CITY","NONE","SAFE","None"
"CORE-IIIT-SRIRANGAM","CORE-IIIT-SRIRANGAM","CORE-IIIT-SRIRANGAM","INDIAN INSTITUTE OF INFORMATION TECHNOLOGY, SRIRANGAM","MISSING","MISSING","CORE-IIIT-SRIRANGAM","NONE","SAFE","None"
"CORE-INDIAN-INSTITUTE-OF-INFORMATION-TECHNOLOGY-UNA","CORE-INDIAN-INSTITUTE-OF-INFORMATION-TECHNOLOGY-UNA","CORE-INDIAN-INSTITUTE-OF-INFORMATION-TECHNOLOGY-UNA","Indian Institute of Information Technology(IIIT) Una, Himachal Pradesh","MISSING","MISSING","CORE-INDIAN-INSTITUTE-OF-INFORMATION-TECHNOLOGY-UNA","NONE","SAFE","None"
"CORE-INDIAN-INSTITUTE-OF-INFORMATION-TECHNOLOGY-VADODARA","CORE-INDIAN-INSTITUTE-OF-INFORMATION-TECHNOLOGY-VADODARA","CORE-INDIAN-INSTITUTE-OF-INFORMATION-TECHNOLOGY-VADODARA","Indian Institute of Information Technology(IIIT), Vadodara, Gujrat","MISSING","MISSING","CORE-INDIAN-INSTITUTE-OF-INFORMATION-TECHNOLOGY-VADODARA","NONE","SAFE","None"
"CORE-IIT-VARANASI","CORE-IIT-VARANASI","CORE-IIT-VARANASI","Indian Institute of Technology (Banaras Hindu University), Varanasi","CORE-IIT-VARANASI","CORE-IIT-VARANASI","CORE-IIT-VARANASI","NONE","SAFE","None"
"CORE-IIT-DHANBAD","CORE-IIT-DHANBAD","CORE-IIT-DHANBAD","Indian Institute of Technology (Indian School of Mines), Dhanbad","CORE-IIT-DHANBAD","CORE-IIT-DHANBAD","CORE-IIT-DHANBAD","NONE","SAFE","None"
"CORE-IIT-BHILAI","CORE-IIT-BHILAI","CORE-IIT-BHILAI","Indian Institute of Technology Bhilai","CORE-IIT-BHILAI","CORE-IIT-BHILAI","CORE-IIT-BHILAI","NONE","SAFE","None"
"CORE-IIT-BOMBAY","CORE-IIT-BOMBAY","CORE-IIT-BOMBAY","Indian Institute of Technology Bombay","CORE-IIT-BOMBAY","CORE-IIT-BOMBAY","CORE-IIT-BOMBAY","NONE","SAFE","None"
"CORE-IIT-DELHI","CORE-IIT-DELHI","CORE-IIT-DELHI","Indian Institute of Technology Delhi","CORE-IIT-DELHI","CORE-IIT-DELHI","CORE-IIT-DELHI","NONE","SAFE","None"
"CORE-IIT-GUWAHATI","CORE-IIT-GUWAHATI","CORE-IIT-GUWAHATI","Indian Institute of Technology Guwahati","CORE-IIT-GUWAHATI","CORE-IIT-GUWAHATI","CORE-IIT-GUWAHATI","NONE","SAFE","None"
"CORE-IIT-HYDERABAD","CORE-IIT-HYDERABAD","CORE-IIT-HYDERABAD","Indian Institute of Technology Hyderabad","CORE-IIT-HYDERABAD","CORE-IIT-HYDERABAD","CORE-IIT-HYDERABAD","NONE","SAFE","None"
"CORE-IIT-JAMMU","CORE-IIT-JAMMU","CORE-IIT-JAMMU","Indian Institute of Technology Jammu","CORE-IIT-JAMMU","CORE-IIT-JAMMU","CORE-IIT-JAMMU","NONE","SAFE","None"
"CORE-IIT-KANPUR","CORE-IIT-KANPUR","CORE-IIT-KANPUR","Indian Institute of Technology Kanpur","CORE-IIT-KANPUR","CORE-IIT-KANPUR","CORE-IIT-KANPUR","NONE","SAFE","None"
"CORE-IIT-KHARAGPUR","CORE-IIT-KHARAGPUR","CORE-IIT-KHARAGPUR","Indian Institute of Technology Kharagpur","CORE-IIT-KHARAGPUR","CORE-IIT-KHARAGPUR","CORE-IIT-KHARAGPUR","NONE","SAFE","None"
"CORE-IIT-MADRAS","CORE-IIT-MADRAS","CORE-IIT-MADRAS","Indian Institute of Technology Madras","CORE-IIT-MADRAS","CORE-IIT-MADRAS","CORE-IIT-MADRAS","NONE","SAFE","None"
"CORE-IIT-ROORKEE","CORE-IIT-ROORKEE","CORE-IIT-ROORKEE","Indian Institute of Technology Roorkee","CORE-IIT-ROORKEE","CORE-IIT-ROORKEE","CORE-IIT-ROORKEE","NONE","SAFE","None"
"CORE-IIT-BHUBANESHWAR","CORE-IIT-BHUBANESHWAR","CORE-IIT-BHUBANESHWAR","Indian Institute of Technology, Bhubaneshwar","MISSING","MISSING","CORE-IIT-BHUBANESHWAR","NONE","SAFE","None"
"CORE-IIT-DHARWAD","CORE-IIT-DHARWAD","CORE-IIT-DHARWAD","Indian Institute of Technology, Dharwad","CORE-IIT-DHARWAD","CORE-IIT-DHARWAD","CORE-IIT-DHARWAD","NONE","SAFE","None"
"CORE-IIT-GANDHINAGAR","CORE-IIT-GANDHINAGAR","CORE-IIT-GANDHINAGAR","Indian Institute of Technology, Gandhinagar","CORE-IIT-GANDHINAGAR","CORE-IIT-GANDHINAGAR","CORE-IIT-GANDHINAGAR","NONE","SAFE","None"
"CORE-IIT-GOA","CORE-IIT-GOA","CORE-IIT-GOA","Indian Institute of Technology, Goa","CORE-IIT-GOA","CORE-IIT-GOA","CORE-IIT-GOA","NONE","SAFE","None"
"CORE-IIT-INDORE","CORE-IIT-INDORE","CORE-IIT-INDORE","Indian Institute of Technology, Indore","CORE-IIT-INDORE","CORE-IIT-INDORE","CORE-IIT-INDORE","NONE","SAFE","None"
"CORE-IIT-JODHPUR","CORE-IIT-JODHPUR","CORE-IIT-JODHPUR","Indian Institute of Technology, Jodhpur","CORE-IIT-JODHPUR","CORE-IIT-JODHPUR","CORE-IIT-JODHPUR","NONE","SAFE","None"
"CORE-IIT-MANDI","CORE-IIT-MANDI","CORE-IIT-MANDI","Indian Institute of Technology, Mandi","CORE-IIT-MANDI","CORE-IIT-MANDI","CORE-IIT-MANDI","NONE","SAFE","None"
"CORE-IIT-PALAKKAD","CORE-IIT-PALAKKAD","CORE-IIT-PALAKKAD","Indian Institute of Technology, Palakkad","CORE-IIT-PALAKKAD","CORE-IIT-PALAKKAD","CORE-IIT-PALAKKAD","NONE","SAFE","None"
"CORE-IIT-PATNA","CORE-IIT-PATNA","CORE-IIT-PATNA","Indian Institute of Technology, Patna","CORE-IIT-PATNA","CORE-IIT-PATNA","CORE-IIT-PATNA","NONE","SAFE","None"
"CORE-IIT-ROPAR","CORE-IIT-ROPAR","CORE-IIT-ROPAR","Indian Institute of Technology, Ropar","CORE-IIT-ROPAR","CORE-IIT-ROPAR","CORE-IIT-ROPAR","NONE","SAFE","None"
"CORE-IIT-TIRUPATI","CORE-IIT-TIRUPATI","CORE-IIT-TIRUPATI","Indian Institute of Technology, Tirupati","CORE-IIT-TIRUPATI","CORE-IIT-TIRUPATI","CORE-IIT-TIRUPATI","NONE","SAFE","None"
"CORE-INSTITUTE-OF-ENGINEERING-AND-TECHNOLOGY-DR-H-S-GOUR-UNIVERSITY-SAGAR","CORE-INSTITUTE-OF-ENGINEERING-AND-TECHNOLOGY-DR-H-S-GOUR-UNIVERSITY-SAGAR","CORE-INSTITUTE-OF-ENGINEERING-AND-TECHNOLOGY-DR-H-S-GOUR-UNIVERSITY-SAGAR","Institute of Engineering and Technology, Dr. H. S. Gour University. Sagar (A Central University)","Institute of Engineering and Technology, Dr. H. S. Gour University. Sagar (A Central University)","Institute of Engineering and Technology, Dr. H. S. Gour University. Sagar (A Central University)","CORE-INSTITUTE-OF-ENGINEERING-AND-TECHNOLOGY-DR-H-S-GOUR-UNIVERSITY-SAGAR","NONE","SAFE","None"
"CORE-INSTITUTE-OF-INFRASTRUCTURE-TECHNOLOGY-RESEARCH-AND-MANAGEMENT-IITRAM","CORE-INSTITUTE-OF-INFRASTRUCTURE-TECHNOLOGY-RESEARCH-AND-MANAGEMENT-IITRAM","CORE-INSTITUTE-OF-INFRASTRUCTURE-TECHNOLOGY-RESEARCH-AND-MANAGEMENT-IITRAM","INSTITUTE OF INFRASTRUCTURE TECHNOLOGY RESEARCH AND MANAGEMENT (IITRAM)","MISSING","MISSING","CORE-INSTITUTE-OF-INFRASTRUCTURE-TECHNOLOGY-RESEARCH-AND-MANAGEMENT-IITRAM","NONE","SAFE","None"
"CORE-INTERNATIONAL-INSTITUTE-OF-INFORMATION-TECHNOLOGY","CORE-INTERNATIONAL-INSTITUTE-OF-INFORMATION-TECHNOLOGY","CORE-INTERNATIONAL-INSTITUTE-OF-INFORMATION-TECHNOLOGY","INTERNATIONAL INSTITUTE OF INFORMATION TECHNOLOGY","MISSING","MISSING","CORE-INTERNATIONAL-INSTITUTE-OF-INFORMATION-TECHNOLOGY","NONE","SAFE","None"
"CORE-INTERNATIONAL-INSTITUTE-OF-INFORMATION-TECHNOLOGY-BHUBANESHWAR","CORE-INTERNATIONAL-INSTITUTE-OF-INFORMATION-TECHNOLOGY-BHUBANESHWAR","CORE-INTERNATIONAL-INSTITUTE-OF-INFORMATION-TECHNOLOGY-BHUBANESHWAR","INTERNATIONAL INSTITUTE OF INFORMATION TECHNOLOGY BHUBANESHWAR","MISSING","MISSING","CORE-INTERNATIONAL-INSTITUTE-OF-INFORMATION-TECHNOLOGY-BHUBANESHWAR","NONE","SAFE","None"
"CORE-NIT-JAIPUR","CORE-NIT-JAIPUR","CORE-NIT-JAIPUR","Malviya National Institute of Technology, Jaipur","CORE-NIT-JAIPUR","CORE-NIT-JAIPUR","CORE-NIT-JAIPUR","NONE","SAFE","None"
"CORE-MAULANA-AZAD-NATIONAL-INSTITUTE-OF-TECHNOLOGY-BHOPAL","CORE-MAULANA-AZAD-NATIONAL-INSTITUTE-OF-TECHNOLOGY-BHOPAL","CORE-MAULANA-AZAD-NATIONAL-INSTITUTE-OF-TECHNOLOGY-BHOPAL","Maulana Azad National Institute of Technology, Bhopal","MISSING","MISSING","CORE-MAULANA-AZAD-NATIONAL-INSTITUTE-OF-TECHNOLOGY-BHOPAL","NONE","SAFE","None"
"CORE-MIZORAM-UNIVERSITY-AIZAWL","CORE-MIZORAM-UNIVERSITY-AIZAWL","CORE-MIZORAM-UNIVERSITY-AIZAWL","Mizoram University, Aizawl","Mizoram University, Aizawl","Mizoram University, Aizawl","CORE-MIZORAM-UNIVERSITY-AIZAWL","NONE","SAFE","None"
"CORE-MOTILAL-NEHRU-NATIONAL-INSTITUTE-OF-TECHNOLOGY-ALLAHABAD","CORE-MOTILAL-NEHRU-NATIONAL-INSTITUTE-OF-TECHNOLOGY-ALLAHABAD","CORE-MOTILAL-NEHRU-NATIONAL-INSTITUTE-OF-TECHNOLOGY-ALLAHABAD","Motilal Nehru National Institute of Technology, Allahabad","MISSING","MISSING","CORE-MOTILAL-NEHRU-NATIONAL-INSTITUTE-OF-TECHNOLOGY-ALLAHABAD","NONE","SAFE","None"
"CORE-NATIONAL-INSTITUTE-OF-ADVANCED-MANUFACTURING-TECHNOLOGY-RANCHI","CORE-NATIONAL-INSTITUTE-OF-ADVANCED-MANUFACTURING-TECHNOLOGY-RANCHI","CORE-NATIONAL-INSTITUTE-OF-ADVANCED-MANUFACTURING-TECHNOLOGY-RANCHI","National Institute of Advanced Manufacturing Technology, Ranchi","National Institute of Advanced Manufacturing Technology, Ranchi","National Institute of Advanced Manufacturing Technology, Ranchi","CORE-NATIONAL-INSTITUTE-OF-ADVANCED-MANUFACTURING-TECHNOLOGY-RANCHI","NONE","SAFE","None"
"CORE-NIT-ARUNACHAL-PRADESH","CORE-NIT-ARUNACHAL-PRADESH","CORE-NIT-ARUNACHAL-PRADESH","National Institute of Technology Arunachal Pradesh","CORE-NIT-ARUNACHAL-PRADESH","CORE-NIT-ARUNACHAL-PRADESH","CORE-NIT-ARUNACHAL-PRADESH","NONE","SAFE","None"
"CORE-NIT-DELHI","CORE-NIT-DELHI","CORE-NIT-DELHI","National Institute of Technology Delhi","CORE-NIT-DELHI","CORE-NIT-DELHI","CORE-NIT-DELHI","NONE","SAFE","None"
"CORE-NIT-GOA","CORE-NIT-GOA","CORE-NIT-GOA","National Institute of Technology Goa","CORE-NIT-GOA","CORE-NIT-GOA","CORE-NIT-GOA","NONE","SAFE","None"
"CORE-NIT-MANIPUR","CORE-NIT-MANIPUR","CORE-NIT-MANIPUR","National Institute of Technology Manipur","CORE-NIT-MANIPUR","CORE-NIT-MANIPUR","CORE-NIT-MANIPUR","NONE","SAFE","None"
"CORE-NIT-MEGHALAYA","CORE-NIT-MEGHALAYA","CORE-NIT-MEGHALAYA","National Institute of Technology Meghalaya","CORE-NIT-MEGHALAYA","CORE-NIT-MEGHALAYA","CORE-NIT-MEGHALAYA","NONE","SAFE","None"
"CORE-NIT-MIZORAM","CORE-NIT-MIZORAM","CORE-NIT-MIZORAM","National Institute of Technology Mizoram","CORE-NIT-MIZORAM","CORE-NIT-MIZORAM","CORE-NIT-MIZORAM","NONE","SAFE","None"
"CORE-NIT-NAGALAND","CORE-NIT-NAGALAND","CORE-NIT-NAGALAND","National Institute of Technology Nagaland","CORE-NIT-NAGALAND","CORE-NIT-NAGALAND","CORE-NIT-NAGALAND","NONE","SAFE","None"
"CORE-NIT-PUDUCHERRY","CORE-NIT-PUDUCHERRY","CORE-NIT-PUDUCHERRY","National Institute of Technology Puducherry","CORE-NIT-PUDUCHERRY","CORE-NIT-PUDUCHERRY","CORE-NIT-PUDUCHERRY","NONE","SAFE","None"
"CORE-NIT-SIKKIM","CORE-NIT-SIKKIM","CORE-NIT-SIKKIM","National Institute of Technology Sikkim","CORE-NIT-SIKKIM","CORE-NIT-SIKKIM","CORE-NIT-SIKKIM","NONE","SAFE","None"
"CORE-NIT-UTTARAKHAND","CORE-NIT-UTTARAKHAND","CORE-NIT-UTTARAKHAND","National Institute of Technology Uttarakhand","CORE-NIT-UTTARAKHAND","CORE-NIT-UTTARAKHAND","CORE-NIT-UTTARAKHAND","NONE","SAFE","None"
"CORE-NIT-AGARTALA","CORE-NIT-AGARTALA","CORE-NIT-AGARTALA","National Institute of Technology, Agartala","CORE-NIT-AGARTALA","CORE-NIT-AGARTALA","CORE-NIT-AGARTALA","NONE","SAFE","None"
"CORE-NIT-ANDHRA-PRADESH","CORE-NIT-ANDHRA-PRADESH","CORE-NIT-ANDHRA-PRADESH","NATIONAL INSTITUTE OF TECHNOLOGY, ANDHRA PRADESH","CORE-NIT-ANDHRA-PRADESH","CORE-NIT-ANDHRA-PRADESH","CORE-NIT-ANDHRA-PRADESH","NONE","SAFE","None"
"CORE-NIT-CALICUT","CORE-NIT-CALICUT","CORE-NIT-CALICUT","National Institute of Technology, Calicut","CORE-NIT-CALICUT","CORE-NIT-CALICUT","CORE-NIT-CALICUT","NONE","SAFE","None"
"CORE-NIT-DURGAPUR","CORE-NIT-DURGAPUR","CORE-NIT-DURGAPUR","National Institute of Technology, Durgapur","CORE-NIT-DURGAPUR","CORE-NIT-DURGAPUR","CORE-NIT-DURGAPUR","NONE","SAFE","None"
"CORE-NIT-HAMIRPUR","CORE-NIT-HAMIRPUR","CORE-NIT-HAMIRPUR","National Institute of Technology, Hamirpur","CORE-NIT-HAMIRPUR","CORE-NIT-HAMIRPUR","CORE-NIT-HAMIRPUR","NONE","SAFE","None"
"CORE-NIT-JAMSHEDPUR","CORE-NIT-JAMSHEDPUR","CORE-NIT-JAMSHEDPUR","National Institute of Technology, Jamshedpur","CORE-NIT-JAMSHEDPUR","CORE-NIT-JAMSHEDPUR","CORE-NIT-JAMSHEDPUR","NONE","SAFE","None"
"CORE-NIT-SURATHKAL","CORE-NIT-SURATHKAL","CORE-NIT-SURATHKAL","National Institute of Technology, Karnataka","CORE-NIT-SURATHKAL","CORE-NIT-SURATHKAL","CORE-NIT-SURATHKAL","NONE","SAFE","None"
"CORE-NIT-KURUKSHETRA","CORE-NIT-KURUKSHETRA","CORE-NIT-KURUKSHETRA","National Institute of Technology, Kurukshetra","CORE-NIT-KURUKSHETRA","CORE-NIT-KURUKSHETRA","CORE-NIT-KURUKSHETRA","NONE","SAFE","None"
"CORE-NIT-PATNA","CORE-NIT-PATNA","CORE-NIT-PATNA","National Institute of Technology, Patna","CORE-NIT-PATNA","CORE-NIT-PATNA","CORE-NIT-PATNA","NONE","SAFE","None"
"CORE-NIT-RAIPUR","CORE-NIT-RAIPUR","CORE-NIT-RAIPUR","National Institute of Technology, Raipur","CORE-NIT-RAIPUR","CORE-NIT-RAIPUR","CORE-NIT-RAIPUR","NONE","SAFE","None"
"CORE-NIT-ROURKELA","CORE-NIT-ROURKELA","CORE-NIT-ROURKELA","National Institute of Technology, Rourkela","CORE-NIT-ROURKELA","CORE-NIT-ROURKELA","CORE-NIT-ROURKELA","NONE","SAFE","None"
"CORE-NIT-SILCHAR","CORE-NIT-SILCHAR","CORE-NIT-SILCHAR","National Institute of Technology, Silchar","CORE-NIT-SILCHAR","CORE-NIT-SILCHAR","CORE-NIT-SILCHAR","NONE","SAFE","None"
"CORE-NIT-SRINAGAR","CORE-NIT-SRINAGAR","CORE-NIT-SRINAGAR","National Institute of Technology, Srinagar","CORE-NIT-SRINAGAR","CORE-NIT-SRINAGAR","CORE-NIT-SRINAGAR","NONE","SAFE","None"
"CORE-NIT-TRICHY","CORE-NIT-TRICHY","CORE-NIT-TRICHY","National Institute of Technology, Tiruchirapalli","CORE-NIT-TRICHY","CORE-NIT-TRICHY","CORE-NIT-TRICHY","NONE","SAFE","None"
"CORE-NIT-WARANGAL","CORE-NIT-WARANGAL","CORE-NIT-WARANGAL","National Institute of Technology, Warangal","CORE-NIT-WARANGAL","CORE-NIT-WARANGAL","CORE-NIT-WARANGAL","NONE","SAFE","None"
"CORE-IIIT-JABALPUR","CORE-IIIT-JABALPUR","CORE-IIIT-JABALPUR","Pandhi Dwarka Prasad Mishra Indian Institute of Information Technology & Manufacturing , Jabalpur","CORE-IIIT-JABALPUR","CORE-IIIT-JABALPUR","CORE-IIIT-JABALPUR","NONE","SAFE","None"
"CORE-PUDUCHERRY-TECHNOLOGICAL-UNIVERSITY-PUDUCHERRY","CORE-PUDUCHERRY-TECHNOLOGICAL-UNIVERSITY-PUDUCHERRY","CORE-PUDUCHERRY-TECHNOLOGICAL-UNIVERSITY-PUDUCHERRY","Puducherry Technological University, Puducherry","Puducherry Technological University, Puducherry","Puducherry Technological University, Puducherry","CORE-PUDUCHERRY-TECHNOLOGICAL-UNIVERSITY-PUDUCHERRY","NONE","SAFE","None"
"CORE-PUNJAB-ENGINEERING-COLLEGE-CHANDIGARH","CORE-PUNJAB-ENGINEERING-COLLEGE-CHANDIGARH","CORE-PUNJAB-ENGINEERING-COLLEGE-CHANDIGARH","Punjab Engineering College , Chandigarh","MISSING","MISSING","CORE-PUNJAB-ENGINEERING-COLLEGE-CHANDIGARH","NONE","SAFE","None"
"CORE-SANT-LONGOWAL-INSTITUTE-OF-ENGINEERING-AND-TECHNOLOGY","CORE-SANT-LONGOWAL-INSTITUTE-OF-ENGINEERING-AND-TECHNOLOGY","CORE-SANT-LONGOWAL-INSTITUTE-OF-ENGINEERING-AND-TECHNOLOGY","Sant Longowal Institute of Engineering and Technology","Sant Longowal Institute of Engineering and Technology","Sant Longowal Institute of Engineering and Technology","CORE-SANT-LONGOWAL-INSTITUTE-OF-ENGINEERING-AND-TECHNOLOGY","NONE","SAFE","None"
"CORE-SARDAR-VALLABHBHAI-NATIONAL-INSTITUTE-OF-TECHNOLOGY-SURAT","CORE-SARDAR-VALLABHBHAI-NATIONAL-INSTITUTE-OF-TECHNOLOGY-SURAT","CORE-SARDAR-VALLABHBHAI-NATIONAL-INSTITUTE-OF-TECHNOLOGY-SURAT","Sardar Vallabhbhai National Institute of Technology, Surat","MISSING","MISSING","CORE-SARDAR-VALLABHBHAI-NATIONAL-INSTITUTE-OF-TECHNOLOGY-SURAT","NONE","SAFE","None"
"CORE-SCHOOL-OF-ENGINEERING-TEZPUR-UNIVERSITY-NAPAAM-TEZPUR","CORE-SCHOOL-OF-ENGINEERING-TEZPUR-UNIVERSITY-NAPAAM-TEZPUR","CORE-SCHOOL-OF-ENGINEERING-TEZPUR-UNIVERSITY-NAPAAM-TEZPUR","School of Engineering, Tezpur University, Napaam, Tezpur","School of Engineering, Tezpur University, Napaam, Tezpur","School of Engineering, Tezpur University, Napaam, Tezpur","CORE-SCHOOL-OF-ENGINEERING-TEZPUR-UNIVERSITY-NAPAAM-TEZPUR","NONE","SAFE","None"
"CORE-SCHOOL-OF-STUDIES-OF-ENGINEERING-AND-TECHNOLOGY-GURU-GHASIDAS-VISHWAVIDYALAYA-BILASPUR","CORE-SCHOOL-OF-STUDIES-OF-ENGINEERING-AND-TECHNOLOGY-GURU-GHASIDAS-VISHWAVIDYALAYA-BILASPUR","CORE-SCHOOL-OF-STUDIES-OF-ENGINEERING-AND-TECHNOLOGY-GURU-GHASIDAS-VISHWAVIDYALAYA-BILASPUR","School of Studies of Engineering and Technology, Guru Ghasidas Vishwavidyalaya, Bilaspur","School of Studies of Engineering and Technology, Guru Ghasidas Vishwavidyalaya, Bilaspur","School of Studies of Engineering and Technology, Guru Ghasidas Vishwavidyalaya, Bilaspur","CORE-SCHOOL-OF-STUDIES-OF-ENGINEERING-AND-TECHNOLOGY-GURU-GHASIDAS-VISHWAVIDYALAYA-BILASPUR","NONE","SAFE","None"
"CORE-SHRI-MATA-VAISHNO-DEVI-UNIVERSITY-KATRA-JAMMU-KASHMIR","CORE-SHRI-MATA-VAISHNO-DEVI-UNIVERSITY-KATRA-JAMMU-KASHMIR","CORE-SHRI-MATA-VAISHNO-DEVI-UNIVERSITY-KATRA-JAMMU-KASHMIR","Shri Mata Vaishno Devi University, Katra, Jammu & Kashmir","Shri Mata Vaishno Devi University, Katra, Jammu & Kashmir","Shri Mata Vaishno Devi University, Katra, Jammu & Kashmir","CORE-SHRI-MATA-VAISHNO-DEVI-UNIVERSITY-KATRA-JAMMU-KASHMIR","NONE","SAFE","None"
"CORE-VISVESVARAYA-NATIONAL-INSTITUTE-OF-TECHNOLOGY-NAGPUR","CORE-VISVESVARAYA-NATIONAL-INSTITUTE-OF-TECHNOLOGY-NAGPUR","CORE-VISVESVARAYA-NATIONAL-INSTITUTE-OF-TECHNOLOGY-NAGPUR","Visvesvaraya National Institute of Technology, Nagpur","MISSING","MISSING","CORE-VISVESVARAYA-NATIONAL-INSTITUTE-OF-TECHNOLOGY-NAGPUR","NONE","SAFE","None"
"Indian Institute of Engineering Science and Technology, Shibpur","Indian Institute of Engineering Science and Technology, Shibpur","Indian Institute of Engineering Science and Technology, Shibpur","Indian Institute of Engineering Science and Technology, Shibpur","Indian Institute of Engineering Science and Technology, Shibpur","Indian Institute of Engineering Science and Technology, Shibpur","Indian Institute of Engineering Science and Technology, Shibpur","NONE","SAFE","None"