id,name,source_family,has_seats,has_cutoffs,has_fees,has_placements,has_provenance,truth_density_score,recommendation,reason,blocker_or_review_flag
"CORE-CORE-IIIT-PRADESH","CORE IIIT PRADESH","IIIT","","","true","","","25","MOVE_TO_SEARCH_ONLY","Catalog placeholder with no admission-critical truth","SAFE_MOVE"
"CORE-MANIPAL-INSTITUTE-OF-TECHNOLOGY-MANIPAL","Manipal Institute of Technology, Manipal","OTHER","","true","true","true","","75","MOVE_TO_SEARCH_ONLY","Catalog placeholder with no admission-critical truth","SAFE_MOVE"
"CORE-NATIONAL-INSTITUTE-OF-FOOD-TECHNOLOGY-ENTREPRENEURSHIP-AND-MANAGEMENT-THANJAVUR","NATIONAL INSTITUTE OF FOOD TECHNOLOGY, ENTREPRENEURSHIP AND MANAGEMENT -THANJAVUR","OTHER","","","true","","","25","MOVE_TO_SEARCH_ONLY","Catalog placeholder with no admission-critical truth","SAFE_MOVE"
"CORE-AICTE-1-44637260101","AICTE Institution 1-44637260101","AICTE","","","true","","","25","MOVE_TO_SEARCH_ONLY","Catalog placeholder with no admission-critical truth","SAFE_MOVE"
"CORE-AICTE-1-44638089876","AICTE Institution 1-44638089876","AICTE","","","true","","","25","MOVE_TO_SEARCH_ONLY","Catalog placeholder with no admission-critical truth","SAFE_MOVE"
"CORE-AICTE-1-44638180495","AICTE Institution 1-44638180495","AICTE","","","true","","","25","MOVE_TO_SEARCH_ONLY","Catalog placeholder with no admission-critical truth","SAFE_MOVE"
"CORE-AICTE-1-44638230051","AICTE Institution 1-44638230051","AICTE","","","true","","","25","MOVE_TO_SEARCH_ONLY","Catalog placeholder with no admission-critical truth","SAFE_MOVE"
"CORE-AICTE-1-44638339730","AICTE Institution 1-44638339730","AICTE","","","true","","","25","MOVE_TO_SEARCH_ONLY","Catalog placeholder with no admission-critical truth","SAFE_MOVE"
"CORE-AICTE-1-44638343530","AICTE Institution 1-44638343530","AICTE","","","true","","","25","MOVE_TO_SEARCH_ONLY","Catalog placeholder with no admission-critical truth","SAFE_MOVE"
"CORE-AICTE-1-44638417896","AICTE Institution 1-44638417896","AICTE","","","true","","","25","MOVE_TO_SEARCH_ONLY","Catalog placeholder with no admission-critical truth","SAFE_MOVE"
"CORE-AICTE-1-44638506195","AICTE Institution 1-44638506195","AICTE","","","true","","","25","MOVE_TO_SEARCH_ONLY","Catalog placeholder with no admission-critical truth","SAFE_MOVE"
"CORE-AICTE-1-44638573601","AICTE Institution 1-44638573601","AICTE","","","true","","","25","MOVE_TO_SEARCH_ONLY","Catalog placeholder with no admission-critical truth","SAFE_MOVE"
"CORE-AICTE-1-44638627247","AICTE Institution 1-44638627247","AICTE","","","true","","","25","MOVE_TO_SEARCH_ONLY","Catalog placeholder with no admission-critical truth","SAFE_MOVE"
"CORE-AICTE-1-44638734913","AICTE Institution 1-44638734913","AICTE","","","true","","","25","MOVE_TO_SEARCH_ONLY","Catalog placeholder with no admission-critical truth","SAFE_MOVE"
"CORE-AICTE-1-44638803128","AICTE Institution 1-44638803128","AICTE","","","true","","","25","MOVE_TO_SEARCH_ONLY","Catalog placeholder with no admission-critical truth","SAFE_MOVE"
"CORE-AICTE-1-44638827801","AICTE Institution 1-44638827801","AICTE","","","true","","","25","MOVE_TO_SEARCH_ONLY","Catalog placeholder with no admission-critical truth","SAFE_MOVE"
"CORE-AICTE-1-44638835077","AICTE Institution 1-44638835077","AICTE","","","true","","","25","MOVE_TO_SEARCH_ONLY","Catalog placeholder with no admission-critical truth","SAFE_MOVE"
"CORE-AICTE-1-44638932600","AICTE Institution 1-44638932600","AICTE","","","true","","","25","MOVE_TO_SEARCH_ONLY","Catalog placeholder with no admission-critical truth","SAFE_MOVE"
"CORE-AICTE-1-44639546931","AICTE Institution 1-44639546931","AICTE","","","true","","","25","MOVE_TO_SEARCH_ONLY","Catalog placeholder with no admission-critical truth","SAFE_MOVE"
"CORE-AICTE-1-44639563433","AICTE Institution 1-44639563433","AICTE","","","true","","","25","MOVE_TO_SEARCH_ONLY","Catalog placeholder with no admission-critical truth","SAFE_MOVE"
"CORE-AICTE-1-44639658589","AICTE Institution 1-44639658589","AICTE","","","true","","","25","MOVE_TO_SEARCH_ONLY","Catalog placeholder with no admission-critical truth","SAFE_MOVE"
"CORE-AICTE-1-44639754848","AICTE Institution 1-44639754848","AICTE","","","true","","","25","MOVE_TO_SEARCH_ONLY","Catalog placeholder with no admission-critical truth","SAFE_MOVE"
"CORE-AICTE-1-44639772141","AICTE Institution 1-44639772141","AICTE","","","true","","","25","MOVE_TO_SEARCH_ONLY","Catalog placeholder with no admission-critical truth","SAFE_MOVE"
"CORE-AICTE-1-44639864156","AICTE Institution 1-44639864156","AICTE","","","true","","","25","MOVE_TO_SEARCH_ONLY","Catalog placeholder with no admission-critical truth","SAFE_MOVE"
"CORE-AICTE-1-44639945530","AICTE Institution 1-44639945530","AICTE","","","true","","","25","MOVE_TO_SEARCH_ONLY","Catalog placeholder with no admission-critical truth","SAFE_MOVE"
"CORE-AICTE-1-44640046939","AICTE Institution 1-44640046939","AICTE","","","true","","","25","MOVE_TO_SEARCH_ONLY","Catalog placeholder with no admission-critical truth","SAFE_MOVE"
"CORE-AICTE-1-44640191315","AICTE Institution 1-44640191315","AICTE","","","true","","","25","MOVE_TO_SEARCH_ONLY","Catalog placeholder with no admission-critical truth","SAFE_MOVE"
"CORE-AICTE-1-44640195682","AICTE Institution 1-44640195682","AICTE","","","true","","","25","MOVE_TO_SEARCH_ONLY","Catalog placeholder with no admission-critical truth","SAFE_MOVE"
"CORE-AICTE-1-44640234814","AICTE Institution 1-44640234814","AICTE","","","true","","","25","MOVE_TO_SEARCH_ONLY","Catalog placeholder with no admission-critical truth","SAFE_MOVE"
"CORE-AICTE-1-44640290488","AICTE Institution 1-44640290488","AICTE","","","true","","","25","MOVE_TO_SEARCH_ONLY","Catalog placeholder with no admission-critical truth","SAFE_MOVE"
"CORE-AICTE-1-44640371659","AICTE Institution 1-44640371659","AICTE","","","true","","","25","MOVE_TO_SEARCH_ONLY","Catalog placeholder with no admission-critical truth","SAFE_MOVE"
"CORE-AICTE-1-44640415205","AICTE Institution 1-44640415205","AICTE","","","true","","","25","MOVE_TO_SEARCH_ONLY","Catalog placeholder with no admission-critical truth","SAFE_MOVE"
"CORE-AICTE-1-44640419040","AICTE Institution 1-44640419040","AICTE","","","true","","","25","MOVE_TO_SEARCH_ONLY","Catalog placeholder with no admission-critical truth","SAFE_MOVE"
"CORE-AICTE-1-44640586918","AICTE Institution 1-44640586918","AICTE","","","true","","","25","MOVE_TO_SEARCH_ONLY","Catalog placeholder with no admission-critical truth","SAFE_MOVE"
"CORE-AICTE-1-44640825251","AICTE Institution 1-44640825251","AICTE","","","true","","","25","MOVE_TO_SEARCH_ONLY","Catalog placeholder with no admission-critical truth","SAFE_MOVE"
"CORE-AICTE-1-44640884023","AICTE Institution 1-44640884023","AICTE","","","true","","","25","MOVE_TO_SEARCH_ONLY","Catalog placeholder with no admission-critical truth","SAFE_MOVE"
"CORE-AICTE-1-44640936781","AICTE Institution 1-44640936781","AICTE","","","true","","","25","MOVE_TO_SEARCH_ONLY","Catalog placeholder with no admission-critical truth","SAFE_MOVE"
"CORE-AICTE-1-44641284570","AICTE Institution 1-44641284570","AICTE","","","true","","","25","MOVE_TO_SEARCH_ONLY","Catalog placeholder with no admission-critical truth","SAFE_MOVE"
"CORE-AICTE-1-44641394123","AICTE Institution 1-44641394123","AICTE","","","true","","","25","MOVE_TO_SEARCH_ONLY","Catalog placeholder with no admission-critical truth","SAFE_MOVE"
"CORE-AICTE-1-44641549024","AICTE Institution 1-44641549024","AICTE","","","true","","","25","MOVE_TO_SEARCH_ONLY","Catalog placeholder with no admission-critical truth","SAFE_MOVE"
"CORE-AICTE-1-44641659758","AICTE Institution 1-44641659758","AICTE","","","true","","","25","MOVE_TO_SEARCH_ONLY","Catalog placeholder with no admission-critical truth","SAFE_MOVE"
"CORE-AICTE-1-44641676837","AICTE Institution 1-44641676837","AICTE","","","true","","","25","MOVE_TO_SEARCH_ONLY","Catalog placeholder with no admission-critical truth","SAFE_MOVE"
"CORE-AICTE-1-44641678195","AICTE Institution 1-44641678195","AICTE","","","true","","","25","MOVE_TO_SEARCH_ONLY","Catalog placeholder with no admission-critical truth","SAFE_MOVE"
"CORE-AICTE-1-44641745478","AICTE Institution 1-44641745478","AICTE","","","true","","","25","MOVE_TO_SEARCH_ONLY","Catalog placeholder with no admission-critical truth","SAFE_MOVE"
"CORE-AICTE-1-44641771420","AICTE Institution 1-44641771420","AICTE","","","true","","","25","MOVE_TO_SEARCH_ONLY","Catalog placeholder with no admission-critical truth","SAFE_MOVE"
"CORE-AICTE-1-44641806108","AICTE Institution 1-44641806108","AICTE","","","true","","","25","MOVE_TO_SEARCH_ONLY","Catalog placeholder with no admission-critical truth","SAFE_MOVE"
"CORE-AICTE-1-44641832195","AICTE Institution 1-44641832195","AICTE","","","true","","","25","MOVE_TO_SEARCH_ONLY","Catalog placeholder with no admission-critical truth","SAFE_MOVE"
"CORE-AICTE-1-44641852157","AICTE Institution 1-44641852157","AICTE","","","true","","","25","MOVE_TO_SEARCH_ONLY","Catalog placeholder with no admission-critical truth","SAFE_MOVE"
"CORE-AICTE-1-44641914888","AICTE Institution 1-44641914888","AICTE","","","true","","","25","MOVE_TO_SEARCH_ONLY","Catalog placeholder with no admission-critical truth","SAFE_MOVE"
"CORE-AICTE-1-44641925723","AICTE Institution 1-44641925723","AICTE","","","true","","","25","MOVE_TO_SEARCH_ONLY","Catalog placeholder with no admission-critical truth","SAFE_MOVE"
"CORE-AICTE-1-44641952602","AICTE Institution 1-44641952602","AICTE","","","true","","","25","MOVE_TO_SEARCH_ONLY","Catalog placeholder with no admission-critical truth","SAFE_MOVE"
"CORE-AICTE-1-44642237208","AICTE Institution 1-44642237208","AICTE","","","true","","","25","MOVE_TO_SEARCH_ONLY","Catalog placeholder with no admission-critical truth","SAFE_MOVE"
"CORE-AICTE-1-44642250885","AICTE Institution 1-44642250885","AICTE","","","true","","","25","MOVE_TO_SEARCH_ONLY","Catalog placeholder with no admission-critical truth","SAFE_MOVE"
"CORE-AICTE-1-44642276487","AICTE Institution 1-44642276487","AICTE","","","true","","","25","MOVE_TO_SEARCH_ONLY","Catalog placeholder with no admission-critical truth","SAFE_MOVE"
"CORE-AICTE-1-44642295707","AICTE Institution 1-44642295707","AICTE","","","true","","","25","MOVE_TO_SEARCH_ONLY","Catalog placeholder with no admission-critical truth","SAFE_MOVE"
"CORE-AICTE-1-44642302285","AICTE Institution 1-44642302285","AICTE","","","true","","","25","MOVE_TO_SEARCH_ONLY","Catalog placeholder with no admission-critical truth","SAFE_MOVE"
"CORE-AICTE-1-44642355580","AICTE Institution 1-44642355580","AICTE","","","true","","","25","MOVE_TO_SEARCH_ONLY","Catalog placeholder with no admission-critical truth","SAFE_MOVE"
"CORE-AICTE-1-44642356386","AICTE Institution 1-44642356386","AICTE","","","true","","","25","MOVE_TO_SEARCH_ONLY","Catalog placeholder with no admission-critical truth","SAFE_MOVE"
"CORE-AICTE-1-44642485642","AICTE Institution 1-44642485642","AICTE","","","true","","","25","MOVE_TO_SEARCH_ONLY","Catalog placeholder with no admission-critical truth","SAFE_MOVE"
"CORE-AICTE-1-44642502034","AICTE Institution 1-44642502034","AICTE","","","true","","","25","MOVE_TO_SEARCH_ONLY","Catalog placeholder with no admission-critical truth","SAFE_MOVE"
"CORE-AICTE-1-44642659248","AICTE Institution 1-44642659248","AICTE","","","true","","","25","MOVE_TO_SEARCH_ONLY","Catalog placeholder with no admission-critical truth","SAFE_MOVE"
"CORE-AICTE-1-44642712421","AICTE Institution 1-44642712421","AICTE","","","true","","","25","MOVE_TO_SEARCH_ONLY","Catalog placeholder with no admission-critical truth","SAFE_MOVE"
"CORE-AICTE-1-44642826943","AICTE Institution 1-44642826943","AICTE","","","true","","","25","MOVE_TO_SEARCH_ONLY","Catalog placeholder with no admission-critical truth","SAFE_MOVE"
"CORE-AICTE-1-44642874041","AICTE Institution 1-44642874041","AICTE","","","true","","","25","MOVE_TO_SEARCH_ONLY","Catalog placeholder with no admission-critical truth","SAFE_MOVE"
"CORE-AICTE-1-44642961216","AICTE Institution 1-44642961216","AICTE","","","true","","","25","MOVE_TO_SEARCH_ONLY","Catalog placeholder with no admission-critical truth","SAFE_MOVE"
"CORE-AICTE-1-44642964305","AICTE Institution 1-44642964305","AICTE","","","true","","","25","MOVE_TO_SEARCH_ONLY","Catalog placeholder with no admission-critical truth","SAFE_MOVE"
"CORE-AICTE-1-44642965002","AICTE Institution 1-44642965002","AICTE","","","true","","","25","MOVE_TO_SEARCH_ONLY","Catalog placeholder with no admission-critical truth","SAFE_MOVE"
"CORE-AICTE-1-44642967201","AICTE Institution 1-44642967201","AICTE","","","true","","","25","MOVE_TO_SEARCH_ONLY","Catalog placeholder with no admission-critical truth","SAFE_MOVE"
"CORE-AICTE-1-44643122522","AICTE Institution 1-44643122522","AICTE","","","true","","","25","MOVE_TO_SEARCH_ONLY","Catalog placeholder with no admission-critical truth","SAFE_MOVE"
"CORE-AICTE-1-44643164961","AICTE Institution 1-44643164961","AICTE","","","true","","","25","MOVE_TO_SEARCH_ONLY","Catalog placeholder with no admission-critical truth","SAFE_MOVE"
"CORE-AICTE-1-44643230639","AICTE Institution 1-44643230639","AICTE","","","true","","","25","MOVE_TO_SEARCH_ONLY","Catalog placeholder with no admission-critical truth","SAFE_MOVE"
"CORE-AICTE-1-44643311346","AICTE Institution 1-44643311346","AICTE","","","true","","","25","MOVE_TO_SEARCH_ONLY","Catalog placeholder with no admission-critical truth","SAFE_MOVE"
"CORE-AICTE-1-44643337669","AICTE Institution 1-44643337669","AICTE","","","true","","","25","MOVE_TO_SEARCH_ONLY","Catalog placeholder with no admission-critical truth","SAFE_MOVE"
"CORE-AICTE-1-44643357539","AICTE Institution 1-44643357539","AICTE","","","true","","","25","MOVE_TO_SEARCH_ONLY","Catalog placeholder with no admission-critical truth","SAFE_MOVE"
"CORE-AICTE-1-44643427751","AICTE Institution 1-44643427751","AICTE","","","true","","","25","MOVE_TO_SEARCH_ONLY","Catalog placeholder with no admission-critical truth","SAFE_MOVE"
"CORE-AICTE-1-44643459460","AICTE Institution 1-44643459460","AICTE","","","true","","","25","MOVE_TO_SEARCH_ONLY","Catalog placeholder with no admission-critical truth","SAFE_MOVE"
"CORE-AICTE-1-44643462613","AICTE Institution 1-44643462613","AICTE","","","true","","","25","MOVE_TO_SEARCH_ONLY","Catalog placeholder with no admission-critical truth","SAFE_MOVE"
"CORE-AICTE-1-44643467113","AICTE Institution 1-44643467113","AICTE","","","true","","","25","MOVE_TO_SEARCH_ONLY","Catalog placeholder with no admission-critical truth","SAFE_MOVE"
"CORE-AICTE-1-44643471242","AICTE Institution 1-44643471242","AICTE","","","true","","","25","MOVE_TO_SEARCH_ONLY","Catalog placeholder with no admission-critical truth","SAFE_MOVE"
"CORE-AICTE-1-44643656305","AICTE Institution 1-44643656305","AICTE","","","true","","","25","MOVE_TO_SEARCH_ONLY","Catalog placeholder with no admission-critical truth","SAFE_MOVE"
"CORE-AICTE-1-44643681436","AICTE Institution 1-44643681436","AICTE","","","true","","","25","MOVE_TO_SEARCH_ONLY","Catalog placeholder with no admission-critical truth","SAFE_MOVE"
"CORE-AICTE-1-44643745827","AICTE Institution 1-44643745827","AICTE","","","true","","","25","MOVE_TO_SEARCH_ONLY","Catalog placeholder with no admission-critical truth","SAFE_MOVE"
"CORE-AICTE-1-44643864170","AICTE Institution 1-44643864170","AICTE","","","true","","","25","MOVE_TO_SEARCH_ONLY","Catalog placeholder with no admission-critical truth","SAFE_MOVE"
"CORE-BIRLA-INSTITUTE-OF-TECHNOLOGY-RANCHI","Birla Institute of Technology, Ranchi","GFTI","","","true","","","25","MOVE_TO_SEARCH_ONLY","Catalog placeholder with no admission-critical truth","SAFE_MOVE"
"CORE-DR-B-R-AMBEDKAR-NATIONAL-INSTITUTE-OF-TECHNOLOGY-JALANDHAR","Dr. B. R. Ambedkar National Institute of Technology, Jalandhar","NIT","","","true","","","25","MOVE_TO_SEARCH_ONLY","Catalog placeholder with no admission-critical truth","SAFE_MOVE"
"CORE-GHANI-KHAN-CHOUDHURY-INSTITUTE-OF-ENGINEERING-TECHNOLOGY-KOTWALI-MALDA","GHANI KHAN CHOUDHURY INSTITUTE OF ENGINEERING & TECHNOLOGY, KOTWALI, MALDA","OTHER","","","true","","","25","MOVE_TO_SEARCH_ONLY","Catalog placeholder with no admission-critical truth","SAFE_MOVE"
"CORE-INDIAN-INSTITUTE-OF-CARPET-TECHNOLOGY-BHADOHI","INDIAN INSTITUTE OF CARPET TECHNOLOGY, BHADOHI","OTHER","","","true","","","25","MOVE_TO_SEARCH_ONLY","Catalog placeholder with no admission-critical truth","SAFE_MOVE"
"CORE-INDIAN-INSTITUTE-OF-HANDLOOM-TECHNOLOGY-SALEM","INDIAN INSTITUTE OF HANDLOOM TECHNOLOGY, SALEM","OTHER","","","true","","","25","MOVE_TO_SEARCH_ONLY","Catalog placeholder with no admission-critical truth","SAFE_MOVE"
"CORE-IIIT-TECHNOLOGY","INDIAN INSTITUTE OF INFORMATION TECHNOLOGY","IIIT","","","true","","","25","MOVE_TO_SEARCH_ONLY","Catalog placeholder with no admission-critical truth","SAFE_MOVE"
"CORE-INDIAN-INSTITUTE-OF-INFORMATION-TECHNOLOGY-BHAGALPUR","INDIAN INSTITUTE OF INFORMATION TECHNOLOGY BHAGALPUR","IIIT","","","true","","","25","MOVE_TO_SEARCH_ONLY","Catalog placeholder with no admission-critical truth","SAFE_MOVE"
"CORE-INDIAN-INSTITUTE-OF-INFORMATION-TECHNOLOGY-SURAT","INDIAN INSTITUTE OF INFORMATION TECHNOLOGY SURAT","IIIT","","","true","","","25","MOVE_TO_SEARCH_ONLY","Catalog placeholder with no admission-critical truth","SAFE_MOVE"
"CORE-INDIAN-INSTITUTE-OF-INFORMATION-TECHNOLOGY-GUWAHATI","INDIAN INSTITUTE OF INFORMATION TECHNOLOGY, GUWAHATI","IIIT","","","true","","","25","MOVE_TO_SEARCH_ONLY","Catalog placeholder with no admission-critical truth","SAFE_MOVE"
"CORE-IIIT-KURNOOL","Indian Institute of Information Technology Design And Manufacturing, Kurnool","IIIT","","","true","","","25","MOVE_TO_SEARCH_ONLY","Catalog placeholder with no admission-critical truth","SAFE_MOVE"
"CORE-INDIAN-INSTITUTE-OF-INFORMATION-TECHNOLOGY-ALLAHABAD","Indian Institute of Information Technology, Allahabad","IIIT","","","true","true","","50","MOVE_TO_SEARCH_ONLY","Catalog placeholder with no admission-critical truth","SAFE_MOVE"
"CORE-INDIAN-INSTITUTE-OF-INFORMATION-TECHNOLOGY-DESIGN-MANUFACTURING-KANCHEEPURAM","Indian Institute of Information Technology, Design & Manufacturing, Kancheepuram","IIIT","","","true","","","25","MOVE_TO_SEARCH_ONLY","Catalog placeholder with no admission-critical truth","SAFE_MOVE"
"CORE-IIIT-DHARWAD","Indian Institute of Information Technology, Dharwad","IIIT","","","true","","","25","MOVE_TO_SEARCH_ONLY","Catalog placeholder with no admission-critical truth","SAFE_MOVE"
"CORE-INDIAN-INSTITUTE-OF-INFORMATION-TECHNOLOGY-LUCKNOW","INDIAN INSTITUTE OF INFORMATION TECHNOLOGY, LUCKNOW","IIIT","","","true","","","25","MOVE_TO_SEARCH_ONLY","Catalog placeholder with no admission-critical truth","SAFE_MOVE"
"CORE-IIIT-SENAPATI","INDIAN INSTITUTE OF INFORMATION TECHNOLOGY, SENAPATI","IIIT","","","true","","","25","MOVE_TO_SEARCH_ONLY","Catalog placeholder with no admission-critical truth","SAFE_MOVE"
"CORE-IIIT-CITY","INDIAN INSTITUTE OF INFORMATION TECHNOLOGY, SRI CITY","IIIT","","","true","","","25","MOVE_TO_SEARCH_ONLY","Catalog placeholder with no admission-critical truth","SAFE_MOVE"
"CORE-IIIT-SRIRANGAM","INDIAN INSTITUTE OF INFORMATION TECHNOLOGY, SRIRANGAM","IIIT","","","true","","","25","MOVE_TO_SEARCH_ONLY","Catalog placeholder with no admission-critical truth","SAFE_MOVE"
"CORE-INDIAN-INSTITUTE-OF-INFORMATION-TECHNOLOGY-UNA","Indian Institute of Information Technology(IIIT) Una, Himachal Pradesh","IIIT","","","true","","","25","MOVE_TO_SEARCH_ONLY","Catalog placeholder with no admission-critical truth","SAFE_MOVE"
"CORE-INDIAN-INSTITUTE-OF-INFORMATION-TECHNOLOGY-VADODARA","Indian Institute of Information Technology(IIIT), Vadodara, Gujrat","IIIT","","","true","","","25","MOVE_TO_SEARCH_ONLY","Catalog placeholder with no admission-critical truth","SAFE_MOVE"
"CORE-IIT-BHUBANESHWAR","Indian Institute of Technology, Bhubaneshwar","IIT","","","true","","","25","MOVE_TO_SEARCH_ONLY","Catalog placeholder with no admission-critical truth","SAFE_MOVE"
"CORE-INSTITUTE-OF-INFRASTRUCTURE-TECHNOLOGY-RESEARCH-AND-MANAGEMENT-IITRAM","INSTITUTE OF INFRASTRUCTURE TECHNOLOGY RESEARCH AND MANAGEMENT (IITRAM)","OTHER","","","true","","","25","MOVE_TO_SEARCH_ONLY","Catalog placeholder with no admission-critical truth","SAFE_MOVE"
"CORE-INTERNATIONAL-INSTITUTE-OF-INFORMATION-TECHNOLOGY","INTERNATIONAL INSTITUTE OF INFORMATION TECHNOLOGY","OTHER","","","true","","","25","MOVE_TO_SEARCH_ONLY","Catalog placeholder with no admission-critical truth","SAFE_MOVE"
"CORE-INTERNATIONAL-INSTITUTE-OF-INFORMATION-TECHNOLOGY-BHUBANESHWAR","INTERNATIONAL INSTITUTE OF INFORMATION TECHNOLOGY BHUBANESHWAR","OTHER","","","true","","","25","MOVE_TO_SEARCH_ONLY","Catalog placeholder with no admission-critical truth","SAFE_MOVE"
"CORE-MAULANA-AZAD-NATIONAL-INSTITUTE-OF-TECHNOLOGY-BHOPAL","Maulana Azad National Institute of Technology, Bhopal","NIT","","","true","","","25","MOVE_TO_SEARCH_ONLY","Catalog placeholder with no admission-critical truth","SAFE_MOVE"
"CORE-MOTILAL-NEHRU-NATIONAL-INSTITUTE-OF-TECHNOLOGY-ALLAHABAD","Motilal Nehru National Institute of Technology, Allahabad","NIT","","","true","true","","50","MOVE_TO_SEARCH_ONLY","Catalog placeholder with no admission-critical truth","SAFE_MOVE"
"CORE-PUNJAB-ENGINEERING-COLLEGE-CHANDIGARH","Punjab Engineering College , Chandigarh","GFTI","","","true","","","25","MOVE_TO_SEARCH_ONLY","Catalog placeholder with no admission-critical truth","SAFE_MOVE"
"CORE-SARDAR-VALLABHBHAI-NATIONAL-INSTITUTE-OF-TECHNOLOGY-SURAT","Sardar Vallabhbhai National Institute of Technology, Surat","NIT","","","true","true","","50","MOVE_TO_SEARCH_ONLY","Catalog placeholder with no admission-critical truth","SAFE_MOVE"
"CORE-VISVESVARAYA-NATIONAL-INSTITUTE-OF-TECHNOLOGY-NAGPUR","Visvesvaraya National Institute of Technology, Nagpur","NIT","","","true","","","25","MOVE_TO_SEARCH_ONLY","Catalog placeholder with no admission-critical truth","SAFE_MOVE"